{"text": "\u4f60\u597d", "segments": [{"id": 0, "seek": 0, "start": 0.0, "end": 2.0, "text": "\u4f60\u597d", "tokens": [50364, 26410, 50464], "temperature": 0.0, "avg_logprob": -0.6195975542068481, "compression_ratio": 0.42857142857142855, "no_speech_prob": 0.1848292350769043}], "language": "Chinese"}